<?xml version="1.0" encoding="utf-8"?>
<!--/815594/526320/2.49/2/4/Diode/-->
<quadcept_library>
  <setting unit="mil" />
  <textstyle name="Default" height="47.244094488189" strokewidth="7.8740157480315" charwidth="47.244094488189" />
  <textstyle name="Dimension" height="19.6850393700787" strokewidth="0" charwidth="19.6850393700787" />
  <textstyle name="H127W0635TH00762" height="50" strokewidth="3" charwidth="25" />
  <textstyle name="H15W15TH02" height="59.0551181102362" strokewidth="7.8740157480315" charwidth="59.0551181102362" />
  <padstyle name="r235_160" surface="True" plated="False" isvia="False" nopaste="False" nomask="True" complex="False" holesize="0">
    <padshape layer="TOP" shape="rectangle" width="62.992125984251" height="92.519685039369" />
    <padshape layer="TOP_SOLDER_MASK" shape="rectangle" width="70.866141732283" height="100.3937007874" />
    <padshape layer="TOP_SOLDER_PASTE" shape="rectangle" width="62.992125984251" height="92.519685039369" />
  </padstyle>
  <footprint name="DIOM5226X295N" originx="0" originy="0" pickpointx="0" pickpointy="0">
    <pcbpin number="1" name="1" style="r235_160" originx="-84.645669291338" originy="0" rotation="90" />
    <pcbpin number="2" name="2" style="r235_160" originx="84.645669291338" originy="0" rotation="90" />
    <line layer="TOP_PLACE_BOUND" originx="-140.74803149606" originy="65.748031496062" endx="140.74803149606" endy="65.748031496062" width="1.9685039370079" />
    <line layer="TOP_PLACE_BOUND" originx="140.74803149606" originy="65.748031496062" endx="140.74803149606" endy="-65.748031496062" width="1.9685039370079" />
    <line layer="TOP_PLACE_BOUND" originx="140.74803149606" originy="-65.748031496062" endx="-140.74803149606" endy="-65.748031496062" width="1.9685039370079" />
    <line layer="TOP_PLACE_BOUND" originx="-140.74803149606" originy="-65.748031496062" endx="-140.74803149606" endy="65.748031496062" width="1.9685039370079" />
    <line layer="TOP_ASSEMBLY" originx="-102.95275590551" originy="51.574803149606" endx="102.95275590551" endy="51.574803149606" width="3.9370078740157" />
    <line layer="TOP_ASSEMBLY" originx="102.95275590551" originy="51.574803149606" endx="102.95275590551" endy="-51.574803149606" width="3.9370078740157" />
    <line layer="TOP_ASSEMBLY" originx="102.95275590551" originy="-51.574803149606" endx="-102.95275590551" endy="-51.574803149606" width="3.9370078740157" />
    <line layer="TOP_ASSEMBLY" originx="-102.95275590551" originy="-51.574803149606" endx="-102.95275590551" endy="51.574803149606" width="3.9370078740157" />
    <line layer="TOP_ASSEMBLY" originx="-102.95275590551" originy="20.07874015748" endx="-71.456692913385" endy="51.574803149606" width="3.9370078740157" />
    <line layer="TOP_SILKSCREEN" originx="102.95275590551" originy="51.574803149606" endx="-116.14173228346" endy="51.574803149606" width="7.8740157480314" />
    <line layer="TOP_SILKSCREEN" originx="-102.95275590551" originy="-51.574803149606" endx="102.95275590551" endy="-51.574803149606" width="7.8740157480314" />
  </footprint>
  <symbol name="SK220ATR" originx="0" originy="0">
    <line originx="200" originy="100" endx="200" endy="-100" width="0" />
    <sympin number="1" originx="200" originy="0" rotation="180" length="100" width="7.8740157480315" flipped="False">
      <text name="pinname" originx="0" originy="-10" style="Default" rotation="0" justify="upperleft" flipped="False" hidden="True" data="K" />
      <text name="pindes" originx="0" originy="10" style="Default" rotation="0" justify="lowerleft" flipped="False" hidden="False" data="1" />
    </sympin>
    <sympin number="2" originx="400" originy="0" rotation="0" length="100" width="7.8740157480315" flipped="False">
      <text name="pinname" originx="600" originy="-10" style="Default" rotation="0" justify="upperright" flipped="False" hidden="True" data="A" />
      <text name="pindes" originx="600" originy="10" style="Default" rotation="0" justify="lowerright" flipped="False" hidden="False" data="2" />
    </sympin>
    <polygon type="polygon">
      <point x="200" y="0" />
      <point x="400" y="100" />
      <point x="400" y="-100" />
    </polygon>
  </symbol>
  <component name="SK220ATR" designatorprefix="D" height="116.14173228346" footprint="DIOM5226X295N">
    <comppin designator="1" sympin="1" pinswap="0" gateswap="0" gate="1" group="1" side="" type="Any" name="K" />
    <comppin designator="2" sympin="2" pinswap="0" gateswap="0" gate="1" group="1" side="" type="Any" name="A" />
    <attached_symbol gate="1" name="SK220ATR" />
    <pinmap designator="1" footprintpin="1" />
    <pinmap designator="2" footprintpin="2" />
    <text name="Datasheet" originx="0" originy="0" style="Default" rotation="0" justify="" flipped="False" hidden="True" data="http://www.smc-diodes.com/propdf/SK220A N0942 REV.B.pdf" />
    <text name="Description" originx="0" originy="0" style="Default" rotation="0" justify="" flipped="False" hidden="True" data="SCHOTTKY RECTIFIER" />
    <text name="Manufacturer_Name" originx="0" originy="0" style="Default" rotation="0" justify="" flipped="False" hidden="True" data="SMC Diode Solutions" />
    <text name="Manufacturer_Part_Number" originx="450" originy="100" style="Default" rotation="0" justify="left" flipped="False" hidden="False" data="SK220ATR" />
    <text name="Mouser Part Number" originx="0" originy="0" style="Default" rotation="0" justify="" flipped="False" hidden="True" data="" />
    <text name="Mouser Price/Stock" originx="0" originy="0" style="Default" rotation="0" justify="" flipped="False" hidden="True" data="" />
    <text name="Arrow Part Number" originx="0" originy="0" style="Default" rotation="0" justify="" flipped="False" hidden="True" data="" />
    <text name="Arrow Price/Stock" originx="0" originy="0" style="Default" rotation="0" justify="" flipped="False" hidden="True" data="" />
  </component>
</quadcept_library>
